sequence,label,affinity,mhc,peptide,feature_file,feature_path,feature_dir
MVCLKLPGGSCMAALTVTLMVLSSPLALAGDTQPRFLWQGKYKCHFFNGTERVQFLERLFYNQEEFVRFDSDVGEYRAVTELGRPVAESWNSQKDILEDRRGQVDTVCRHNYGVGESFTVQRRVHPEVTVYPAKTQPLQHHNLLVCSVSGFYPGSIEVRWFRNGQEEKAGVVSTGLIQNGDWTFQTLVMLETVPRSGEVYTCQVEHPSVMSPLTVEWRARSESAQSKMLSGVGGFVLGLLFLGAGLFIYFRNQKGHSGLQPTGFLS:LYDMSFVMMKCFHHFFRKLK,0,0.0,DRB1_0701,LYDMSFVMMKCFHHFFRKLK,fold1_merged.h5,sample_000000,../../demo_data/data.full_model/fold1/
MVCLKLPGGSCMTALTVTLMVLSSPLALAGDTRPRFLWQLKFECHFFNGTERVRLLERCIYNQEESVRFDSDVGEYRAVTELGRPDAEYWNSQKDLLEQRRAAVDTYCRHNYGVGESFTVQRRVEPKVTVYPSKTQPLQHHNLLVCSVSGFYPGSIEVRWFRNGQEEKAGVVSTGLIQNGDWTFQTLVMLETVPRSGEVYTCQVEHPSVTSPLTVEWRARSESAQSKMLSGVGGFVLGLLFLGAGLFIYFRNQKGHSGLQPTGFLS:SPCWSWPQECLCPGMCFTED,0,0.0,DRB1_0101,SPCWSWPQECLCPGMCFTED,fold1_merged.h5,sample_000001,../../demo_data/data.full_model/fold1/
MVCLKLPGGSCMAALTVTLMVLSSPLALAGDTQPRFLWQGKYKCHFFNGTERVQFLERLFYNQEEFVRFDSDVGEYRAVTELGRPVAESWNSQKDILEDRRGQVDTVCRHNYGVGESFTVQRRVHPEVTVYPAKTQPLQHHNLLVCSVSGFYPGSIEVRWFRNGQEEKAGVVSTGLIQNGDWTFQTLVMLETVPRSGEVYTCQVEHPSVMSPLTVEWRARSESAQSKMLSGVGGFVLGLLFLGAGLFIYFRNQKGHSGLQPTGFLS:ERGFMAGTQRNPQMAQYGPQ,0,0.0,DRB1_0701,ERGFMAGTQRNPQMAQYGPQ,fold1_merged.h5,sample_000002,../../demo_data/data.full_model/fold1/
MVCLKLPGGSCMAALTVTLMVLSSPLALAGDTQPRFLWQGKYKCHFFNGTERVQFLERLFYNQEEFVRFDSDVGEYRAVTELGRPVAESWNSQKDILEDRRGQVDTVCRHNYGVGESFTVQRRVHPEVTVYPAKTQPLQHHNLLVCSVSGFYPGSIEVRWFRNGQEEKAGVVSTGLIQNGDWTFQTLVMLETVPRSGEVYTCQVEHPSVMSPLTVEWRARSESAQSKMLSGVGGFVLGLLFLGAGLFIYFRNQKGHSGLQPTGFLS:LNTTKNFSCQWPTEGRIQMV,0,0.0,DRB1_0701,LNTTKNFSCQWPTEGRIQMV,fold1_merged.h5,sample_000003,../../demo_data/data.full_model/fold1/
MVCLKLPGGSCMAALTVTLMVLSSPLALAGDTQPRFLWQGKYKCHFFNGTERVQFLERLFYNQEEFVRFDSDVGEYRAVTELGRPVAESWNSQKDILEDRRGQVDTVCRHNYGVGESFTVQRRVHPEVTVYPAKTQPLQHHNLLVCSVSGFYPGSIEVRWFRNGQEEKAGVVSTGLIQNGDWTFQTLVMLETVPRSGEVYTCQVEHPSVMSPLTVEWRARSESAQSKMLSGVGGFVLGLLFLGAGLFIYFRNQKGHSGLQPTGFLS:LLQRMMMAGSVRNGKPRGTV,0,0.0,DRB1_0701,LLQRMMMAGSVRNGKPRGTV,fold1_merged.h5,sample_000004,../../demo_data/data.full_model/fold1/
MVCLKLPGGSCMAALTVTLMVLSSPLALAGDTQPRFLWQGKYKCHFFNGTERVQFLERLFYNQEEFVRFDSDVGEYRAVTELGRPVAESWNSQKDILEDRRGQVDTVCRHNYGVGESFTVQRRVHPEVTVYPAKTQPLQHHNLLVCSVSGFYPGSIEVRWFRNGQEEKAGVVSTGLIQNGDWTFQTLVMLETVPRSGEVYTCQVEHPSVMSPLTVEWRARSESAQSKMLSGVGGFVLGLLFLGAGLFIYFRNQKGHSGLQPTGFLS:IWLQRRYIPSCTVAGMRKQM,0,0.0,DRB1_0701,IWLQRRYIPSCTVAGMRKQM,fold1_merged.h5,sample_000005,../../demo_data/data.full_model/fold1/
MVCLKLPGGSCMAALTVTLMVLSSPLALAGDTQPRFLWQGKYKCHFFNGTERVQFLERLFYNQEEFVRFDSDVGEYRAVTELGRPVAESWNSQKDILEDRRGQVDTVCRHNYGVGESFTVQRRVHPEVTVYPAKTQPLQHHNLLVCSVSGFYPGSIEVRWFRNGQEEKAGVVSTGLIQNGDWTFQTLVMLETVPRSGEVYTCQVEHPSVMSPLTVEWRARSESAQSKMLSGVGGFVLGLLFLGAGLFIYFRNQKGHSGLQPTGFLS:KLFRPSQSCCCCHLDGDLKK,0,0.0,DRB1_0701,KLFRPSQSCCCCHLDGDLKK,fold1_merged.h5,sample_000006,../../demo_data/data.full_model/fold1/
MVCLKLPGGSCMAALTVTLMVLSSPLALAGDTQPRFLWQGKYKCHFFNGTERVQFLERLFYNQEEFVRFDSDVGEYRAVTELGRPVAESWNSQKDILEDRRGQVDTVCRHNYGVGESFTVQRRVHPEVTVYPAKTQPLQHHNLLVCSVSGFYPGSIEVRWFRNGQEEKAGVVSTGLIQNGDWTFQTLVMLETVPRSGEVYTCQVEHPSVMSPLTVEWRARSESAQSKMLSGVGGFVLGLLFLGAGLFIYFRNQKGHSGLQPTGFLS:LSDHVYRQHPDQFKFSSLMD,0,0.0,DRB1_0701,LSDHVYRQHPDQFKFSSLMD,fold1_merged.h5,sample_000007,../../demo_data/data.full_model/fold1/
MVCLKLPGGSCMAALTVTLMVLSSPLALAGDTQPRFLWQGKYKCHFFNGTERVQFLERLFYNQEEFVRFDSDVGEYRAVTELGRPVAESWNSQKDILEDRRGQVDTVCRHNYGVGESFTVQRRVHPEVTVYPAKTQPLQHHNLLVCSVSGFYPGSIEVRWFRNGQEEKAGVVSTGLIQNGDWTFQTLVMLETVPRSGEVYTCQVEHPSVMSPLTVEWRARSESAQSKMLSGVGGFVLGLLFLGAGLFIYFRNQKGHSGLQPTGFLS:LGSWMNKIMSYSSDFRQIFC,0,0.0,DRB1_0701,LGSWMNKIMSYSSDFRQIFC,fold1_merged.h5,sample_000008,../../demo_data/data.full_model/fold1/
MVCLRLPGGSCMAVLTVTLMVLSSPLALAGDTRPRFLEYSTSECHFFNGTERVRYLDRYFHNQEENVRFDSDVGEFRAVTELGRPDAEYWNSQKDLLEQKRGRVDNYCRHNYGVVESFTVQRRVHPKVTVYPSKTQPLQHHNLLVCSVSGFYPGSIEVRWFRNGQEEKTGVVSTGLIHNGDWTFQTLVMLETVPRSGEVYTCQVEHPSVTSPLTVEWRARSESAQSKMLSGVGGFVLGLLFLGAGLFIYFRNQKGHSGLQPRGFLS:AGETDYTCSKQKHRSNTRQM,0,0.0,DRB1_0301,AGETDYTCSKQKHRSNTRQM,fold1_merged.h5,sample_000009,../../demo_data/data.full_model/fold1/
